,FileName,ARCH,ASLR,DEP,Authenticode,StrongNaming,SafeSEH,ControlFlowGuard
0,C:\windows\SysWOW64\1028\VsGraphicsResources.dll,I386,True,True,True,,,False
1,C:\windows\SysWOW64\1028\vsjitdebuggerui.dll,I386,True,True,True,,,False
2,C:\windows\SysWOW64\1029\VsGraphicsResources.dll,I386,True,True,True,,,False
3,C:\windows\SysWOW64\1029\vsjitdebuggerui.dll,I386,True,True,True,,,False
4,C:\windows\SysWOW64\1031\VsGraphicsResources.dll,I386,True,True,True,,,False
5,C:\windows\SysWOW64\1031\vsjitdebuggerui.dll,I386,True,True,True,,,False
6,C:\windows\SysWOW64\1033\VsGraphicsResources.dll,I386,True,True,True,,,False
7,C:\windows\SysWOW64\1033\vsjitdebuggerui.dll,I386,True,True,True,,,False
8,C:\windows\SysWOW64\1036\VsGraphicsResources.dll,I386,True,True,True,,,False
9,C:\windows\SysWOW64\1036\vsjitdebuggerui.dll,I386,True,True,True,,,False
10,C:\windows\SysWOW64\1040\VsGraphicsResources.dll,I386,True,True,True,,,False
11,C:\windows\SysWOW64\1040\vsjitdebuggerui.dll,I386,True,True,True,,,False
12,C:\windows\SysWOW64\1041\VsGraphicsResources.dll,I386,True,True,True,,,False
13,C:\windows\SysWOW64\1041\vsjitdebuggerui.dll,I386,True,True,True,,,False
14,C:\windows\SysWOW64\1042\VsGraphicsResources.dll,I386,True,True,True,,,False
15,C:\windows\SysWOW64\1042\vsjitdebuggerui.dll,I386,True,True,True,,,False
16,C:\windows\SysWOW64\1045\VsGraphicsResources.dll,I386,True,True,True,,,False
17,C:\windows\SysWOW64\1045\vsjitdebuggerui.dll,I386,True,True,True,,,False
18,C:\windows\SysWOW64\1046\VsGraphicsResources.dll,I386,True,True,True,,,False
19,C:\windows\SysWOW64\1046\vsjitdebuggerui.dll,I386,True,True,True,,,False
20,C:\windows\SysWOW64\1049\VsGraphicsResources.dll,I386,True,True,True,,,False
21,C:\windows\SysWOW64\1049\vsjitdebuggerui.dll,I386,True,True,True,,,False
22,C:\windows\SysWOW64\1055\VsGraphicsResources.dll,I386,True,True,True,,,False
23,C:\windows\SysWOW64\1055\vsjitdebuggerui.dll,I386,True,True,True,,,False
24,C:\windows\SysWOW64\2052\VsGraphicsResources.dll,I386,True,True,True,,,False
25,C:\windows\SysWOW64\2052\vsjitdebuggerui.dll,I386,True,True,True,,,False
26,C:\windows\SysWOW64\3082\VsGraphicsResources.dll,I386,True,True,True,,,False
27,C:\windows\SysWOW64\3082\vsjitdebuggerui.dll,I386,True,True,True,,,False
60,C:\windows\SysWOW64\downlevel\api-ms-win-base-util-l1-1-0.dll,I386,True,True,True,,,False
61,C:\windows\SysWOW64\downlevel\api-ms-win-core-com-l1-1-0.dll,I386,True,True,True,,,False
62,C:\windows\SysWOW64\downlevel\api-ms-win-core-comm-l1-1-0.dll,I386,True,True,True,,,False
63,C:\windows\SysWOW64\downlevel\api-ms-win-core-console-l1-1-0.dll,I386,True,True,True,,,False
64,C:\windows\SysWOW64\downlevel\api-ms-win-core-datetime-l1-1-0.dll,I386,True,True,True,,,False
65,C:\windows\SysWOW64\downlevel\api-ms-win-core-datetime-l1-1-1.dll,I386,True,True,True,,,False
66,C:\windows\SysWOW64\downlevel\api-ms-win-core-debug-l1-1-0.dll,I386,True,True,True,,,False
67,C:\windows\SysWOW64\downlevel\api-ms-win-core-debug-l1-1-1.dll,I386,True,True,True,,,False
68,C:\windows\SysWOW64\downlevel\api-ms-win-core-delayload-l1-1-0.dll,I386,True,True,True,,,False
69,C:\windows\SysWOW64\downlevel\api-ms-win-core-errorhandling-l1-1-0.dll,I386,True,True,True,,,False
70,C:\windows\SysWOW64\downlevel\api-ms-win-core-errorhandling-l1-1-1.dll,I386,True,True,True,,,False
71,C:\windows\SysWOW64\downlevel\api-ms-win-core-fibers-l1-1-0.dll,I386,True,True,True,,,False
72,C:\windows\SysWOW64\downlevel\api-ms-win-core-fibers-l1-1-1.dll,I386,True,True,True,,,False
73,C:\windows\SysWOW64\downlevel\api-ms-win-core-file-l1-1-0.dll,I386,True,True,True,,,False
74,C:\windows\SysWOW64\downlevel\api-ms-win-core-file-l1-2-0.dll,I386,True,True,True,,,False
75,C:\windows\SysWOW64\downlevel\api-ms-win-core-file-l1-2-1.dll,I386,True,True,True,,,False
76,C:\windows\SysWOW64\downlevel\API-MS-Win-core-file-l2-1-0.dll,I386,True,True,True,,,False
77,C:\windows\SysWOW64\downlevel\API-MS-Win-core-file-l2-1-1.dll,I386,True,True,True,,,False
78,C:\windows\SysWOW64\downlevel\api-ms-win-core-handle-l1-1-0.dll,I386,True,True,True,,,False
79,C:\windows\SysWOW64\downlevel\api-ms-win-core-heap-l1-1-0.dll,I386,True,True,True,,,False
80,C:\windows\SysWOW64\downlevel\API-MS-Win-Core-Heap-Obsolete-L1-1-0.dll,I386,True,True,True,,,False
81,C:\windows\SysWOW64\downlevel\api-ms-win-core-interlocked-l1-1-0.dll,I386,True,True,True,,,False
82,C:\windows\SysWOW64\downlevel\api-ms-win-core-io-l1-1-0.dll,I386,True,True,True,,,False
83,C:\windows\SysWOW64\downlevel\api-ms-win-core-io-l1-1-1.dll,I386,True,True,True,,,False
84,C:\windows\SysWOW64\downlevel\api-ms-win-core-kernel32-legacy-l1-1-0.dll,I386,True,True,True,,,False
85,C:\windows\SysWOW64\downlevel\api-ms-win-core-kernel32-legacy-l1-1-1.dll,I386,True,True,True,,,False
86,C:\windows\SysWOW64\downlevel\API-MS-Win-Core-Kernel32-Private-L1-1-0.dll,I386,True,True,True,,,False
87,C:\windows\SysWOW64\downlevel\API-MS-Win-Core-Kernel32-Private-L1-1-1.dll,I386,True,True,True,,,False
88,C:\windows\SysWOW64\downlevel\api-ms-win-core-libraryloader-l1-1-0.dll,I386,True,True,True,,,False
89,C:\windows\SysWOW64\downlevel\api-ms-win-core-libraryloader-l1-1-1.dll,I386,True,True,True,,,False
90,C:\windows\SysWOW64\downlevel\api-ms-win-core-localization-l1-2-0.dll,I386,True,True,True,,,False
91,C:\windows\SysWOW64\downlevel\api-ms-win-core-localization-l1-2-1.dll,I386,True,True,True,,,False
92,C:\windows\SysWOW64\downlevel\API-MS-Win-core-localization-obsolete-l1-2-0.dll,I386,True,True,True,,,False
93,C:\windows\SysWOW64\downlevel\api-ms-win-core-memory-l1-1-0.dll,I386,True,True,True,,,False
94,C:\windows\SysWOW64\downlevel\api-ms-win-core-memory-l1-1-1.dll,I386,True,True,True,,,False
95,C:\windows\SysWOW64\downlevel\api-ms-win-core-memory-l1-1-2.dll,I386,True,True,True,,,False
96,C:\windows\SysWOW64\downlevel\api-ms-win-core-namedpipe-l1-1-0.dll,I386,True,True,True,,,False
97,C:\windows\SysWOW64\downlevel\api-ms-win-core-privateprofile-l1-1-0.dll,I386,True,True,True,,,False
98,C:\windows\SysWOW64\downlevel\api-ms-win-core-privateprofile-l1-1-1.dll,I386,True,True,True,,,False
99,C:\windows\SysWOW64\downlevel\api-ms-win-core-processenvironment-l1-1-0.dll,I386,True,True,True,,,False
100,C:\windows\SysWOW64\downlevel\api-ms-win-core-processenvironment-l1-2-0.dll,I386,True,True,True,,,False
101,C:\windows\SysWOW64\downlevel\api-ms-win-core-processthreads-l1-1-0.dll,I386,True,True,True,,,False
102,C:\windows\SysWOW64\downlevel\api-ms-win-core-processthreads-l1-1-1.dll,I386,True,True,True,,,False
103,C:\windows\SysWOW64\downlevel\api-ms-win-core-processthreads-l1-1-2.dll,I386,True,True,True,,,False
104,C:\windows\SysWOW64\downlevel\api-ms-win-core-processtopology-obsolete-l1-1-0.dll,I386,True,True,True,,,False
105,C:\windows\SysWOW64\downlevel\api-ms-win-core-profile-l1-1-0.dll,I386,True,True,True,,,False
106,C:\windows\SysWOW64\downlevel\api-ms-win-core-realtime-l1-1-0.dll,I386,True,True,True,,,False
107,C:\windows\SysWOW64\downlevel\api-ms-win-core-registry-l1-1-0.dll,I386,True,True,True,,,False
108,C:\windows\SysWOW64\downlevel\api-ms-win-core-registry-l2-1-0.dll,I386,True,True,True,,,False
109,C:\windows\SysWOW64\downlevel\api-ms-win-core-rtlsupport-l1-1-0.dll,I386,True,True,True,,,False
110,C:\windows\SysWOW64\downlevel\api-ms-win-core-shlwapi-legacy-l1-1-0.dll,I386,True,True,True,,,False
111,C:\windows\SysWOW64\downlevel\api-ms-win-core-shlwapi-obsolete-l1-1-0.dll,I386,True,True,True,,,False
112,C:\windows\SysWOW64\downlevel\api-ms-win-core-shutdown-l1-1-0.dll,I386,True,True,True,,,False
113,C:\windows\SysWOW64\downlevel\api-ms-win-core-string-l1-1-0.dll,I386,True,True,True,,,False
114,C:\windows\SysWOW64\downlevel\API-MS-Win-core-string-l2-1-0.dll,I386,True,True,True,,,False
115,C:\windows\SysWOW64\downlevel\API-MS-Win-core-string-obsolete-l1-1-0.dll,I386,True,True,True,,,False
116,C:\windows\SysWOW64\downlevel\api-ms-win-core-stringansi-l1-1-0.dll,I386,True,True,True,,,False
117,C:\windows\SysWOW64\downlevel\api-ms-win-core-stringloader-l1-1-1.dll,I386,True,True,True,,,False
118,C:\windows\SysWOW64\downlevel\api-ms-win-core-synch-l1-1-0.dll,I386,True,True,True,,,False
119,C:\windows\SysWOW64\downlevel\api-ms-win-core-synch-l1-2-0.dll,I386,True,True,True,,,False
120,C:\windows\SysWOW64\downlevel\api-ms-win-core-sysinfo-l1-1-0.dll,I386,True,True,True,,,False
121,C:\windows\SysWOW64\downlevel\api-ms-win-core-sysinfo-l1-2-0.dll,I386,True,True,True,,,False
122,C:\windows\SysWOW64\downlevel\api-ms-win-core-sysinfo-l1-2-1.dll,I386,True,True,True,,,False
123,C:\windows\SysWOW64\downlevel\api-ms-win-core-threadpool-l1-2-0.dll,I386,True,True,True,,,False
124,C:\windows\SysWOW64\downlevel\api-ms-win-core-threadpool-legacy-l1-1-0.dll,I386,True,True,True,,,False
125,C:\windows\SysWOW64\downlevel\api-ms-win-core-threadpool-private-l1-1-0.dll,I386,True,True,True,,,False
126,C:\windows\SysWOW64\downlevel\api-ms-win-core-timezone-l1-1-0.dll,I386,True,True,True,,,False
127,C:\windows\SysWOW64\downlevel\api-ms-win-core-url-l1-1-0.dll,I386,True,True,True,,,False
128,C:\windows\SysWOW64\downlevel\api-ms-win-core-util-l1-1-0.dll,I386,True,True,True,,,False
129,C:\windows\SysWOW64\downlevel\api-ms-win-core-version-l1-1-0.dll,I386,True,True,True,,,False
130,C:\windows\SysWOW64\downlevel\api-ms-win-core-wow64-l1-1-0.dll,I386,True,True,True,,,False
131,C:\windows\SysWOW64\downlevel\api-ms-win-core-xstate-l1-1-0.dll,I386,True,True,True,,,False
132,C:\windows\SysWOW64\downlevel\API-MS-Win-core-xstate-l2-1-0.dll,I386,True,True,True,,,False
133,C:\windows\SysWOW64\downlevel\api-ms-win-crt-conio-l1-1-0.dll,I386,True,True,True,,,False
134,C:\windows\SysWOW64\downlevel\api-ms-win-crt-convert-l1-1-0.dll,I386,True,True,True,,,False
135,C:\windows\SysWOW64\downlevel\api-ms-win-crt-environment-l1-1-0.dll,I386,True,True,True,,,False
136,C:\windows\SysWOW64\downlevel\api-ms-win-crt-filesystem-l1-1-0.dll,I386,True,True,True,,,False
137,C:\windows\SysWOW64\downlevel\api-ms-win-crt-heap-l1-1-0.dll,I386,True,True,True,,,False
138,C:\windows\SysWOW64\downlevel\api-ms-win-crt-locale-l1-1-0.dll,I386,True,True,True,,,False
139,C:\windows\SysWOW64\downlevel\api-ms-win-crt-math-l1-1-0.dll,I386,True,True,True,,,False
140,C:\windows\SysWOW64\downlevel\api-ms-win-crt-multibyte-l1-1-0.dll,I386,True,True,True,,,False
141,C:\windows\SysWOW64\downlevel\api-ms-win-crt-private-l1-1-0.dll,I386,True,True,True,,,False
142,C:\windows\SysWOW64\downlevel\api-ms-win-crt-process-l1-1-0.dll,I386,True,True,True,,,False
143,C:\windows\SysWOW64\downlevel\api-ms-win-crt-runtime-l1-1-0.dll,I386,True,True,True,,,False
144,C:\windows\SysWOW64\downlevel\api-ms-win-crt-stdio-l1-1-0.dll,I386,True,True,True,,,False
145,C:\windows\SysWOW64\downlevel\api-ms-win-crt-string-l1-1-0.dll,I386,True,True,True,,,False
146,C:\windows\SysWOW64\downlevel\api-ms-win-crt-time-l1-1-0.dll,I386,True,True,True,,,False
147,C:\windows\SysWOW64\downlevel\api-ms-win-crt-utility-l1-1-0.dll,I386,True,True,True,,,False
148,C:\windows\SysWOW64\downlevel\API-MS-Win-devices-config-L1-1-0.dll,I386,True,True,True,,,False
149,C:\windows\SysWOW64\downlevel\API-MS-Win-devices-config-L1-1-1.dll,I386,True,True,True,,,False
150,C:\windows\SysWOW64\downlevel\API-MS-Win-Eventing-ClassicProvider-L1-1-0.dll,I386,True,True,True,,,False
151,C:\windows\SysWOW64\downlevel\api-ms-win-eventing-consumer-l1-1-0.dll,I386,True,True,True,,,False
152,C:\windows\SysWOW64\downlevel\API-MS-Win-Eventing-Controller-L1-1-0.dll,I386,True,True,True,,,False
153,C:\windows\SysWOW64\downlevel\API-MS-Win-Eventing-Legacy-L1-1-0.dll,I386,True,True,True,,,False
154,C:\windows\SysWOW64\downlevel\API-MS-Win-Eventing-Provider-L1-1-0.dll,I386,True,True,True,,,False
155,C:\windows\SysWOW64\downlevel\API-MS-Win-EventLog-Legacy-L1-1-0.dll,I386,True,True,True,,,False
156,C:\windows\SysWOW64\downlevel\api-ms-win-security-base-l1-1-0.dll,I386,True,True,True,,,False
157,C:\windows\SysWOW64\downlevel\api-ms-win-security-cryptoapi-l1-1-0.dll,I386,True,True,True,,,False
158,C:\windows\SysWOW64\downlevel\API-MS-Win-Security-Lsalookup-L2-1-0.dll,I386,True,True,True,,,False
159,C:\windows\SysWOW64\downlevel\API-MS-Win-Security-Lsalookup-L2-1-1.dll,I386,True,True,True,,,False
160,C:\windows\SysWOW64\downlevel\API-MS-Win-security-lsapolicy-l1-1-0.dll,I386,True,True,True,,,False
161,C:\windows\SysWOW64\downlevel\API-MS-Win-security-provider-L1-1-0.dll,I386,True,True,True,,,False
162,C:\windows\SysWOW64\downlevel\api-ms-win-security-sddl-l1-1-0.dll,I386,True,True,True,,,False
163,C:\windows\SysWOW64\downlevel\api-ms-win-service-core-l1-1-0.dll,I386,True,True,True,,,False
164,C:\windows\SysWOW64\downlevel\api-ms-win-service-core-l1-1-1.dll,I386,True,True,True,,,False
165,C:\windows\SysWOW64\downlevel\api-ms-win-service-management-l1-1-0.dll,I386,True,True,True,,,False
166,C:\windows\SysWOW64\downlevel\api-ms-win-service-management-l2-1-0.dll,I386,True,True,True,,,False
167,C:\windows\SysWOW64\downlevel\api-ms-win-service-private-l1-1-0.dll,I386,True,True,True,,,False
168,C:\windows\SysWOW64\downlevel\api-ms-win-service-private-l1-1-1.dll,I386,True,True,True,,,False
169,C:\windows\SysWOW64\downlevel\api-ms-win-service-winsvc-l1-1-0.dll,I386,True,True,True,,,False
170,C:\windows\SysWOW64\downlevel\api-ms-win-shcore-stream-l1-1-0.dll,I386,True,True,True,,,False
172,C:\windows\SysWOW64\drivers\IntelMEFWVer.dll,I386,True,True,True,,True,False
173,C:\windows\SysWOW64\en\AuthFWSnapIn.Resources.dll,I386,True,True,True,True,,False
174,C:\windows\SysWOW64\en\AuthFWWizFwk.Resources.dll,I386,True,True,True,True,,False
265,C:\windows\SysWOW64\inetsrv\iisres.dll,I386,True,True,True,,,False
271,C:\windows\SysWOW64\inetsrv\Microsoft.Web.Administration.dll,I386,True,True,True,True,,False
291,C:\windows\SysWOW64\InstallShield\setupdir\0003\_setup.dll,I386,False,False,True,,False,False
292,C:\windows\SysWOW64\InstallShield\setupdir\0005\_setup.dll,I386,False,False,True,,False,False
293,C:\windows\SysWOW64\InstallShield\setupdir\0006\_setup.dll,I386,False,False,True,,False,False
294,C:\windows\SysWOW64\InstallShield\setupdir\0007\_setup.dll,I386,False,False,True,,False,False
295,C:\windows\SysWOW64\InstallShield\setupdir\0008\_setup.dll,I386,False,False,True,,False,False
296,C:\windows\SysWOW64\InstallShield\setupdir\0009\_setup.dll,I386,False,False,True,,False,False
297,C:\windows\SysWOW64\InstallShield\setupdir\000a\_setup.dll,I386,False,False,True,,False,False
298,C:\windows\SysWOW64\InstallShield\setupdir\000b\_setup.dll,I386,False,False,True,,False,False
299,C:\windows\SysWOW64\InstallShield\setupdir\000e\_setup.dll,I386,False,False,True,,False,False
300,C:\windows\SysWOW64\InstallShield\setupdir\0010\_setup.dll,I386,False,False,True,,False,False
301,C:\windows\SysWOW64\InstallShield\setupdir\0011\_setup.dll,I386,False,False,True,,False,False
302,C:\windows\SysWOW64\InstallShield\setupdir\0012\_setup.dll,I386,False,False,True,,False,False
303,C:\windows\SysWOW64\InstallShield\setupdir\0013\_setup.dll,I386,False,False,True,,False,False
304,C:\windows\SysWOW64\InstallShield\setupdir\0014\_setup.dll,I386,False,False,True,,False,False
305,C:\windows\SysWOW64\InstallShield\setupdir\0015\_setup.dll,I386,False,False,True,,False,False
306,C:\windows\SysWOW64\InstallShield\setupdir\0019\_setup.dll,I386,False,False,True,,False,False
307,C:\windows\SysWOW64\InstallShield\setupdir\001a\_setup.dll,I386,False,False,True,,False,False
308,C:\windows\SysWOW64\InstallShield\setupdir\001b\_setup.dll,I386,False,False,True,,False,False
309,C:\windows\SysWOW64\InstallShield\setupdir\001d\_setup.dll,I386,False,False,True,,False,False
310,C:\windows\SysWOW64\InstallShield\setupdir\001e\_setup.dll,I386,False,False,True,,False,False
311,C:\windows\SysWOW64\InstallShield\setupdir\001f\_setup.dll,I386,False,False,True,,False,False
312,C:\windows\SysWOW64\InstallShield\setupdir\0021\_setup.dll,I386,False,False,True,,False,False
313,C:\windows\SysWOW64\InstallShield\setupdir\0024\_setup.dll,I386,False,False,True,,False,False
314,C:\windows\SysWOW64\InstallShield\setupdir\002d\_setup.dll,I386,False,False,True,,False,False
315,C:\windows\SysWOW64\InstallShield\setupdir\0404\_setup.dll,I386,False,False,True,,False,False
316,C:\windows\SysWOW64\InstallShield\setupdir\040c\_setup.dll,I386,False,False,True,,False,False
317,C:\windows\SysWOW64\InstallShield\setupdir\0416\_setup.dll,I386,False,False,True,,False,False
318,C:\windows\SysWOW64\InstallShield\setupdir\0804\_setup.dll,I386,False,False,True,,False,False
319,C:\windows\SysWOW64\InstallShield\setupdir\0816\_setup.dll,I386,False,False,True,,False,False
320,C:\windows\SysWOW64\InstallShield\setupdir\0c0c\_setup.dll,I386,False,False,True,,False,False
321,C:\windows\SysWOW64\InstallShield\setup.exe,I386,False,False,True,,False,False
322,C:\windows\SysWOW64\InstallShield\_isdel.exe,I386,False,False,True,,False,False
323,C:\windows\SysWOW64\InstallShield\_setup.dll,I386,False,False,True,,False,False
349,C:\windows\SysWOW64\MUI\0409\mscorees.dll,I386,True,True,True,,,False
350,C:\windows\SysWOW64\Npcap\NpcapHelper.exe,I386,True,True,True,,True,False
351,C:\windows\SysWOW64\Npcap\Packet.dll,I386,True,True,True,,True,False
352,C:\windows\SysWOW64\Npcap\WlanHelper.exe,I386,True,True,True,,True,False
353,C:\windows\SysWOW64\Npcap\wpcap.dll,I386,True,True,True,,True,False
382,C:\windows\SysWOW64\wbem\en\Microsoft.AppV.AppVClientWmi.resources.dll,I386,True,True,True,True,,False
386,C:\windows\SysWOW64\wbem\ipmiprr.dll,I386,True,True,True,,,False
388,C:\windows\SysWOW64\wbem\Microsoft.AppV.AppVClientWmi.dll,I386,True,True,True,True,,False
417,C:\windows\SysWOW64\WindowsPowerShell\v1.0\en\powershell_ise.resources.dll,I386,True,True,True,True,,False
418,C:\windows\SysWOW64\WindowsPowerShell\v1.0\Modules\AppBackgroundTask\Microsoft.Windows.AppBackgroundTask.Commands.dll,I386,True,True,True,True,,False
419,C:\windows\SysWOW64\WindowsPowerShell\v1.0\Modules\AppvClient\en\Microsoft.AppV.AppvClientComConsumer.resources.dll,I386,True,True,True,True,,False
420,C:\windows\SysWOW64\WindowsPowerShell\v1.0\Modules\AppvClient\en\Microsoft.AppV.AppVClientPowerShell.resources.dll,I386,True,True,True,True,,False
421,C:\windows\SysWOW64\WindowsPowerShell\v1.0\Modules\AppvClient\Microsoft.AppV.AppvClientComConsumer.dll,I386,True,True,True,True,True,False
422,C:\windows\SysWOW64\WindowsPowerShell\v1.0\Modules\AppvClient\Microsoft.AppV.AppVClientPowerShell.dll,I386,True,True,True,True,,False
423,C:\windows\SysWOW64\WindowsPowerShell\v1.0\Modules\AppvClient\Microsoft.AppV.ClientProgrammability.Eventing.dll,I386,True,True,True,True,,False
424,C:\windows\SysWOW64\WindowsPowerShell\v1.0\Modules\BitLocker\Microsoft.BitLocker.Structures.dll,I386,True,True,True,True,,False
425,C:\windows\SysWOW64\WindowsPowerShell\v1.0\Modules\BitsTransfer\Microsoft.BackgroundIntelligentTransfer.Management.Interop.dll,I386,True,True,True,True,True,False
426,C:\windows\SysWOW64\WindowsPowerShell\v1.0\Modules\DeliveryOptimization\Microsoft.Windows.DeliveryOptimization.AdminCommands.dll,I386,True,True,True,True,,False
427,C:\windows\SysWOW64\WindowsPowerShell\v1.0\Modules\Dism\en\Microsoft.Dism.Powershell.Resources.dll,I386,True,True,True,False,,False
428,C:\windows\SysWOW64\WindowsPowerShell\v1.0\Modules\Dism\Microsoft.Dism.PowerShell.dll,I386,True,True,True,False,,False
429,C:\windows\SysWOW64\WindowsPowerShell\v1.0\Modules\DnsClient\dnslookup.dll,I386,True,True,True,False,,False
430,C:\windows\SysWOW64\WindowsPowerShell\v1.0\Modules\IISAdministration\Microsoft.IIS.PowerShell.Commands.dll,I386,True,True,True,True,,False
431,C:\windows\SysWOW64\WindowsPowerShell\v1.0\Modules\IISAdministration\Microsoft.Web.Administration.dll,I386,True,True,True,True,,False
432,C:\windows\SysWOW64\WindowsPowerShell\v1.0\Modules\MsDtc\en\Microsoft.Dtc.PowerShell.Resources.dll,I386,True,True,True,True,,False
433,C:\windows\SysWOW64\WindowsPowerShell\v1.0\Modules\MSMQ\Microsoft.Msmq.Activex.Interop.dll,I386,True,True,True,True,,False
434,C:\windows\SysWOW64\WindowsPowerShell\v1.0\Modules\MSMQ\Microsoft.Msmq.PowerShell.Commands.dll,I386,True,True,True,True,,False
435,C:\windows\SysWOW64\WindowsPowerShell\v1.0\Modules\MSMQ\Microsoft.Msmq.Runtime.Interop.dll,I386,True,True,True,True,True,False
436,C:\windows\SysWOW64\WindowsPowerShell\v1.0\Modules\NetSecurity\en\Microsoft.Windows.Firewall.Commands.Resources.dll,I386,True,True,True,True,,False
437,C:\windows\SysWOW64\WindowsPowerShell\v1.0\Modules\NetSecurity\Microsoft.Windows.Firewall.Commands.dll,I386,True,True,True,True,,False
438,C:\windows\SysWOW64\WindowsPowerShell\v1.0\Modules\Provisioning\provcmdlets.dll,I386,True,True,True,False,,False
439,C:\windows\SysWOW64\WindowsPowerShell\v1.0\Modules\Provisioning\provcommon.dll,I386,True,True,True,False,,False
440,C:\windows\SysWOW64\WindowsPowerShell\v1.0\Modules\Provisioning\provpackageapi.dll,I386,True,True,True,False,True,False
441,C:\windows\SysWOW64\WindowsPowerShell\v1.0\Modules\Provisioning\wiminterop.dll,I386,True,True,True,False,,False
442,C:\windows\SysWOW64\WindowsPowerShell\v1.0\Modules\UEV\Microsoft.Uev.Commands.dll,I386,True,True,True,False,,False
443,C:\windows\SysWOW64\WindowsPowerShell\v1.0\Modules\WindowsErrorReporting\Microsoft.WindowsErrorReporting.PowerShell.dll,I386,True,True,True,False,,False
445,C:\windows\SysWOW64\WindowsPowerShell\v1.0\powershell_ise.exe,I386,True,True,True,True,,False
446,C:\windows\SysWOW64\WindowsPowerShell\v1.0\PSEvents.dll,I386,True,True,True,,,False
447,C:\windows\SysWOW64\WindowsPowerShell\v1.0\pspluginwkr.dll,I386,True,True,True,True,True,False
448,C:\windows\SysWOW64\WindowsPowerShell\v1.0\pwrshmsg.dll,I386,True,True,True,,,False
484,C:\windows\SysWOW64\adtschema.dll,I386,True,True,True,,,False
486,C:\windows\SysWOW64\advapi32res.dll,I386,True,True,True,,,False
488,C:\windows\SysWOW64\aeevts.dll,I386,True,True,True,,,False
491,C:\windows\SysWOW64\altspace.dll,I386,True,True,True,True,,False
527,C:\windows\SysWOW64\asferror.dll,I386,True,True,True,,,False
534,C:\windows\SysWOW64\atl100.dll,I386,True,True,True,,True,False
546,C:\windows\SysWOW64\auditpolmsg.dll,I386,True,True,True,,,False
552,C:\windows\SysWOW64\AuthFWSnapin.dll,I386,True,True,True,True,,False
553,C:\windows\SysWOW64\AuthFWWizFwk.dll,I386,True,True,True,True,,False
593,C:\windows\SysWOW64\BOOTVID.DLL,I386,True,True,True,,,False
702,C:\windows\SysWOW64\Common.dll,I386,True,True,True,True,,False
711,C:\windows\SysWOW64\comres.dll,I386,True,True,True,,,False
729,C:\windows\SysWOW64\CoreMmRes.dll,I386,True,True,True,,,False
736,C:\windows\SysWOW64\Creative.UWPRPCService.exe,I386,True,True,True,,True,False
747,C:\windows\SysWOW64\crtdll.dll,I386,False,False,True,,False,False
766,C:\windows\SysWOW64\ctl3d32.dll,I386,False,False,True,,False,False
776,C:\windows\SysWOW64\D2D1Debug2.dll,I386,True,True,False,,True,False
789,C:\windows\SysWOW64\d3d11sdklayers.dll,I386,True,True,False,,True,False
790,C:\windows\SysWOW64\d3d11_1sdklayers.dll,I386,True,True,False,,True,False
791,C:\windows\SysWOW64\d3d11_2sdklayers.dll,I386,True,True,False,,True,False
806,C:\windows\SysWOW64\d3dx10_43.dll,I386,True,True,True,,True,False
807,C:\windows\SysWOW64\d3dx11_43.dll,I386,True,True,True,,True,False
808,C:\windows\SysWOW64\D3DX9_43.dll,I386,True,True,True,,True,False
895,C:\windows\SysWOW64\DMAppsRes.dll,I386,True,True,True,,,False
903,C:\windows\SysWOW64\dmdskres.dll,I386,True,True,True,,,False
904,C:\windows\SysWOW64\dmdskres2.dll,I386,True,True,True,,,False
923,C:\windows\SysWOW64\dnscmmc.dll,I386,True,True,True,True,True,False
1001,C:\windows\SysWOW64\DxToolsReportGenerator.dll,I386,True,True,True,True,,False
1052,C:\windows\SysWOW64\ETWCoreUIComponentsResources.dll,I386,True,True,True,,,False
1053,C:\windows\SysWOW64\ETWESEProviderResources.dll,I386,True,True,True,,,False
1065,C:\windows\SysWOW64\expsrv.dll,I386,False,False,True,,False,False
1069,C:\windows\SysWOW64\f3ahvoas.dll,I386,True,True,True,,,False
1132,C:\windows\SysWOW64\FXSRESM.dll,I386,True,True,True,,,False
1155,C:\windows\SysWOW64\gnsdk_fp.dll,I386,True,True,True,,True,False
1167,C:\windows\SysWOW64\HardwareAccess.dll,I386,True,True,True,True,,False
1168,C:\windows\SysWOW64\HardwareAccessInterfaces.dll,I386,True,True,True,True,,False
1169,C:\windows\SysWOW64\HardwareServiceInterfaces.dll,I386,True,True,True,True,,False
1170,C:\windows\SysWOW64\HardwareServices.dll,I386,True,True,True,True,,False
1184,C:\windows\SysWOW64\hlvdd.dll,I386,False,False,True,,False,False
1209,C:\windows\SysWOW64\ICCLib_v1.dll,I386,True,True,True,False,True,False
1210,C:\windows\SysWOW64\ICCLib_v2.dll,I386,True,True,True,False,True,False
1245,C:\windows\SysWOW64\imageres.dll,I386,True,True,True,,,False
1246,C:\windows\SysWOW64\imagesp1.dll,I386,True,True,True,,,False
1255,C:\windows\SysWOW64\INETRES.dll,I386,True,True,True,,,False
1268,C:\windows\SysWOW64\IntelBenchmarkSDK.dll,I386,True,True,True,True,,False
1269,C:\windows\SysWOW64\IntelOverclockingSDK.dll,I386,True,True,True,True,,False
1271,C:\windows\SysWOW64\Interop.IccProxy.dll,I386,True,True,True,True,,False
1272,C:\windows\SysWOW64\iologmsg.dll,I386,True,True,True,,,False
1283,C:\windows\SysWOW64\ir32_32original.dll,I386,False,False,True,,False,False
1284,C:\windows\SysWOW64\ir41_32original.dll,I386,False,False,True,,False,False
1286,C:\windows\SysWOW64\ir41_qcoriginal.dll,I386,False,False,True,,False,False
1288,C:\windows\SysWOW64\ir41_qcxoriginal.dll,I386,False,False,True,,False,False
1290,C:\windows\SysWOW64\ir50_32original.dll,I386,False,False,True,,False,False
1292,C:\windows\SysWOW64\ir50_qcoriginal.dll,I386,False,False,True,,False,False
1294,C:\windows\SysWOW64\ir50_qcxoriginal.dll,I386,False,False,True,,False,False
1317,C:\windows\SysWOW64\kbd101.DLL,I386,True,True,True,,,False
1318,C:\windows\SysWOW64\kbd101a.DLL,I386,True,True,True,,,False
1319,C:\windows\SysWOW64\kbd101b.DLL,I386,True,True,True,,,False
1320,C:\windows\SysWOW64\kbd101c.DLL,I386,True,True,True,,,False
1321,C:\windows\SysWOW64\kbd103.DLL,I386,True,True,True,,,False
1322,C:\windows\SysWOW64\kbd106.dll,I386,True,True,True,,,False
1323,C:\windows\SysWOW64\kbd106n.dll,I386,True,True,True,,,False
1333,C:\windows\SysWOW64\kbdax2.dll,I386,True,True,True,,,False
1395,C:\windows\SysWOW64\kbdibm02.DLL,I386,True,True,True,,,False
1419,C:\windows\SysWOW64\KBDJPN.DLL,I386,True,True,True,,,False
1423,C:\windows\SysWOW64\KBDKOR.DLL,I386,True,True,True,,,False
1430,C:\windows\SysWOW64\kbdlk41a.dll,I386,True,True,True,,,False
1447,C:\windows\SysWOW64\kbdnec.DLL,I386,True,True,True,,,False
1448,C:\windows\SysWOW64\kbdnec95.DLL,I386,True,True,True,,,False
1449,C:\windows\SysWOW64\kbdnecat.DLL,I386,True,True,True,,,False
1450,C:\windows\SysWOW64\kbdnecnt.DLL,I386,True,True,True,,,False
1574,C:\windows\SysWOW64\MapControlStringsRes.dll,I386,True,True,True,,,False
1583,C:\windows\SysWOW64\MBAPO232.dll,I386,True,True,True,,True,False
1603,C:\windows\SysWOW64\mfc100.dll,I386,True,True,True,,True,False
1604,C:\windows\SysWOW64\mfc100u.dll,I386,True,True,True,,True,False
1605,C:\windows\SysWOW64\mfc120.dll,I386,True,True,True,,True,False
1606,C:\windows\SysWOW64\mfc120chs.dll,I386,True,True,True,,,False
1607,C:\windows\SysWOW64\mfc120cht.dll,I386,True,True,True,,,False
1608,C:\windows\SysWOW64\mfc120deu.dll,I386,True,True,True,,,False
1609,C:\windows\SysWOW64\mfc120enu.dll,I386,True,True,True,,,False
1610,C:\windows\SysWOW64\mfc120esn.dll,I386,True,True,True,,,False
1611,C:\windows\SysWOW64\mfc120fra.dll,I386,True,True,True,,,False
1612,C:\windows\SysWOW64\mfc120ita.dll,I386,True,True,True,,,False
1613,C:\windows\SysWOW64\mfc120jpn.dll,I386,True,True,True,,,False
1614,C:\windows\SysWOW64\mfc120kor.dll,I386,True,True,True,,,False
1615,C:\windows\SysWOW64\mfc120rus.dll,I386,True,True,True,,,False
1616,C:\windows\SysWOW64\mfc120u.dll,I386,True,True,True,,True,False
1618,C:\windows\SysWOW64\mfc140chs.dll,I386,True,True,True,,,False
1619,C:\windows\SysWOW64\mfc140cht.dll,I386,True,True,True,,,False
1621,C:\windows\SysWOW64\mfc140deu.dll,I386,True,True,True,,,False
1622,C:\windows\SysWOW64\mfc140enu.dll,I386,True,True,True,,,False
1623,C:\windows\SysWOW64\mfc140esn.dll,I386,True,True,True,,,False
1624,C:\windows\SysWOW64\mfc140fra.dll,I386,True,True,True,,,False
1625,C:\windows\SysWOW64\mfc140ita.dll,I386,True,True,True,,,False
1626,C:\windows\SysWOW64\mfc140jpn.dll,I386,True,True,True,,,False
1627,C:\windows\SysWOW64\mfc140kor.dll,I386,True,True,True,,,False
1628,C:\windows\SysWOW64\mfc140rus.dll,I386,True,True,True,,,False
1631,C:\windows\SysWOW64\mfc40.dll,I386,False,False,True,,False,False
1632,C:\windows\SysWOW64\mfc40u.dll,I386,False,False,True,,False,False
1636,C:\windows\SysWOW64\mfcm100.dll,I386,True,True,True,True,True,False
1637,C:\windows\SysWOW64\mfcm100u.dll,I386,True,True,True,True,True,False
1638,C:\windows\SysWOW64\mfcm120.dll,I386,True,True,True,True,True,False
1639,C:\windows\SysWOW64\mfcm120u.dll,I386,True,True,True,True,True,False
1640,C:\windows\SysWOW64\mfcm140.dll,I386,True,True,True,True,True,False
1641,C:\windows\SysWOW64\mfcm140d.dll,I386,True,True,True,True,True,False
1642,C:\windows\SysWOW64\mfcm140u.dll,I386,True,True,True,True,True,False
1643,C:\windows\SysWOW64\mfcm140ud.dll,I386,True,True,True,True,True,False
1648,C:\windows\SysWOW64\mferror.dll,I386,True,True,True,,,False
1683,C:\windows\SysWOW64\Microsoft.Practices.Unity.dll,I386,True,True,True,True,,False
1694,C:\windows\SysWOW64\MinstoreEvents.dll,I386,True,True,True,,,False
1712,C:\windows\SysWOW64\mmres.dll,I386,True,True,True,,,False
1716,C:\windows\SysWOW64\moricons.dll,I386,True,True,True,,,False
1759,C:\windows\SysWOW64\msaudite.dll,I386,True,True,True,,,False
1766,C:\windows\SysWOW64\mscorier.dll,I386,True,True,True,,,False
1767,C:\windows\SysWOW64\mscories.dll,I386,True,False,True,,True,False
1768,C:\windows\SysWOW64\mscpx32r.dLL,I386,True,True,True,,,False
1784,C:\windows\SysWOW64\msdtcVSp1res.dll,I386,True,True,True,,,False
1785,C:\windows\SysWOW64\msexch40.dll,I386,True,True,True,,True,False
1786,C:\windows\SysWOW64\msexcl40.dll,I386,True,True,True,,True,False
1798,C:\windows\SysWOW64\mshtmler.dll,I386,True,True,True,,,False
1803,C:\windows\SysWOW64\msidntld.dll,I386,True,True,True,,,False
1809,C:\windows\SysWOW64\msimsg.dll,I386,True,True,True,,,False
1815,C:\windows\SysWOW64\msjet40.dll,I386,True,True,True,,True,False
1816,C:\windows\SysWOW64\msjetoledb40.dll,I386,True,True,True,,True,False
1817,C:\windows\SysWOW64\msjint40.dll,I386,True,True,True,,,False
1818,C:\windows\SysWOW64\msjter40.dll,I386,True,True,True,,True,False
1819,C:\windows\SysWOW64\msjtes40.dll,I386,True,True,True,,True,False
1823,C:\windows\SysWOW64\msltus40.dll,I386,True,True,True,,True,False
1827,C:\windows\SysWOW64\msobjs.dll,I386,True,True,True,,,False
1828,C:\windows\SysWOW64\msodbcdiag17.dll,I386,True,True,True,,True,False
1829,C:\windows\SysWOW64\msodbcsql17.dll,I386,True,True,True,,True,False
1832,C:\windows\SysWOW64\msorc32r.dll,I386,True,True,True,,,False
1837,C:\windows\SysWOW64\mspbde40.dll,I386,True,True,True,,True,False
1843,C:\windows\SysWOW64\msrd2x40.dll,I386,True,True,True,,True,False
1844,C:\windows\SysWOW64\msrd3x40.dll,I386,True,True,True,,True,False
1847,C:\windows\SysWOW64\msrepl40.dll,I386,True,True,True,,True,False
1859,C:\windows\SysWOW64\mstext40.dll,I386,True,True,True,,True,False
1864,C:\windows\SysWOW64\msvbvm60.dll,I386,True,False,True,,False,False
1866,C:\windows\SysWOW64\msvcp100.dll,I386,True,True,True,,True,False
1867,C:\windows\SysWOW64\msvcp110.dll,I386,True,True,True,,True,False
1869,C:\windows\SysWOW64\msvcp120.dll,I386,True,True,True,,True,False
1882,C:\windows\SysWOW64\msvcr100.dll,I386,True,True,True,,True,False
1883,C:\windows\SysWOW64\msvcr100_clr0400.dll,I386,True,True,True,,,False
1884,C:\windows\SysWOW64\msvcr110.dll,I386,True,True,True,,True,False
1885,C:\windows\SysWOW64\msvcr120.dll,I386,True,True,True,,True,False
1888,C:\windows\SysWOW64\msvcrt20.dll,I386,False,False,True,,False,False
1898,C:\windows\SysWOW64\mswdat10.dll,I386,True,True,True,,True,False
1902,C:\windows\SysWOW64\mswstr10.dll,I386,True,True,True,,True,False
1903,C:\windows\SysWOW64\msxbde40.dll,I386,True,True,True,,True,False
1905,C:\windows\SysWOW64\msxml3r.dll,I386,True,True,True,,,False
1907,C:\windows\SysWOW64\msxml6r.dll,I386,True,True,True,,,False
1920,C:\windows\SysWOW64\NAPCRYPT.DLL,I386,True,True,True,True,True,False
1949,C:\windows\SysWOW64\netevent.dll,I386,True,True,True,,,False
1951,C:\windows\SysWOW64\neth.dll,I386,True,True,True,,,False
1957,C:\windows\SysWOW64\netmsg.dll,I386,True,True,True,,,False
1986,C:\windows\SysWOW64\nlsbres.dll,I386,True,True,True,,,False
2012,C:\windows\SysWOW64\nvapi.dll,I386,True,True,True,,True,False
2013,C:\windows\SysWOW64\nvaudcap32v.dll,I386,True,True,True,,True,False
2014,C:\windows\SysWOW64\nvcuda.dll,I386,True,True,True,,False,False
2015,C:\windows\SysWOW64\nvcuvid.dll,I386,True,True,True,,True,False
2016,C:\windows\SysWOW64\nvEncodeAPI.dll,I386,True,True,True,,True,False
2017,C:\windows\SysWOW64\NvFBC.dll,I386,True,True,True,,True,False
2018,C:\windows\SysWOW64\NvIFR.dll,I386,True,True,True,,True,False
2019,C:\windows\SysWOW64\NvIFROpenGL.dll,I386,True,True,True,,True,False
2020,C:\windows\SysWOW64\nvofapi.dll,I386,True,True,True,,True,False
2021,C:\windows\SysWOW64\nvspcap.dll,I386,True,True,True,,True,False
2033,C:\windows\SysWOW64\odbcint.dll,I386,True,True,True,,,False
2053,C:\windows\SysWOW64\oleaccrc.dll,I386,True,True,True,,,False
2112,C:\windows\SysWOW64\PerfTuneAppMutex.dll,I386,True,True,True,,True,False
2119,C:\windows\SysWOW64\PhoneutilRes.dll,I386,True,True,True,,,False
2126,C:\windows\SysWOW64\pifmgr.dll,I386,True,True,True,,,False
2133,C:\windows\SysWOW64\PlatformDetection.dll,I386,True,True,True,True,,False
2158,C:\windows\SysWOW64\PresentationCFFRasterizerNative_v0300.dll,I386,True,True,True,,True,False
2161,C:\windows\SysWOW64\PresentationNative_v0300.dll,I386,True,True,True,,True,False
2163,C:\windows\SysWOW64\prflbmsg.dll,I386,True,True,True,,,False
2179,C:\windows\SysWOW64\ProfileHelperModel.dll,I386,True,True,True,True,,False
2194,C:\windows\SysWOW64\PSHED.DLL,I386,True,True,True,,,False
2207,C:\windows\SysWOW64\qedwipes.dll,I386,True,True,True,,,False
2299,C:\windows\SysWOW64\RsCRIcon.dll,AMD64,True,True,True,,,False
2320,C:\windows\SysWOW64\sberes.dll,I386,True,True,True,,,False
2359,C:\windows\SysWOW64\SensorsCpl.dll,I386,True,True,True,,,False
2376,C:\windows\SysWOW64\sfc.dll,I386,True,True,True,,,False
2393,C:\windows\SysWOW64\shellstyle.dll,I386,True,True,True,,,False
2448,C:\windows\SysWOW64\SqlServerSpatial150.dll,I386,True,True,True,,True,False
2450,C:\windows\SysWOW64\sqlunirl.dll,I386,True,True,True,,True,False
2451,C:\windows\SysWOW64\sqlwid.dll,I386,True,True,True,,True,False
2452,C:\windows\SysWOW64\sqlwoa.dll,I386,True,True,True,,True,False
2459,C:\windows\SysWOW64\srmlib.dll,I386,True,True,True,True,,False
2484,C:\windows\SysWOW64\stordiag.exe,I386,True,True,True,True,,False
2503,C:\windows\SysWOW64\SyncRes.dll,I386,True,True,True,,,False
2529,C:\windows\SysWOW64\tapiui.dll,I386,True,True,True,,,False
2566,C:\windows\SysWOW64\TpmCertResources.dll,I386,True,True,True,,,False
2581,C:\windows\SysWOW64\TsWpfWrp.exe,I386,True,False,True,True,,False
2582,C:\windows\SysWOW64\ttdinject.exe,I386,True,True,True,,True,False
2583,C:\windows\SysWOW64\ttdloader.dll,I386,True,True,True,,,False
2584,C:\windows\SysWOW64\ttdloaderwow64.dll,I386,True,True,True,,,False
2604,C:\windows\SysWOW64\tzres.dll,I386,True,True,True,,,False
2649,C:\windows\SysWOW64\UserDataAccessRes.dll,I386,True,True,True,,,False
2671,C:\windows\SysWOW64\uxlibres.dll,I386,True,True,True,,,False
2676,C:\windows\SysWOW64\vbajet32.dll,I386,False,False,True,,False,False
2678,C:\windows\SysWOW64\vcamp120.dll,I386,True,True,True,,True,False
2682,C:\windows\SysWOW64\vccorlib120.dll,I386,True,True,True,,True,False
2685,C:\windows\SysWOW64\vcomp120.dll,I386,True,True,True,,True,False
2686,C:\windows\SysWOW64\vcomp140.dll,I386,True,True,True,,True,False
2687,C:\windows\SysWOW64\vcomp140d.dll,I386,True,True,True,,True,False
2717,C:\windows\SysWOW64\vscover160.dll,I386,True,True,True,,True,False
2723,C:\windows\SysWOW64\VsGraphicsHelper.dll,I386,True,True,True,,True,False
2726,C:\windows\SysWOW64\vsjitdebugger.exe,I386,True,True,True,,True,False
2728,C:\windows\SysWOW64\VSPerf160.dll,I386,True,True,True,,True,False
2736,C:\windows\SysWOW64\VXPLib.dll,I386,False,False,False,,False,False
2787,C:\windows\SysWOW64\WibuCm32.dll,I386,True,True,True,,True,False
2788,C:\windows\SysWOW64\wibucmJNI.dll,I386,True,True,True,,True,False
2789,C:\windows\SysWOW64\WibuXpm4J32.dll,I386,True,True,True,,True,False
2955,C:\windows\SysWOW64\WindowsAccessBridge-32.dll,I386,True,True,True,,True,False
2977,C:\windows\SysWOW64\winnlsres.dll,I386,True,True,True,,,False
2984,C:\windows\SysWOW64\winrsmgr.dll,I386,True,True,True,,,False
3026,C:\windows\SysWOW64\wlidres.dll,I386,True,True,True,,,False
3034,C:\windows\SysWOW64\wmerror.dll,I386,True,True,True,,,False
3047,C:\windows\SysWOW64\wmploc.DLL,I386,True,True,True,,,False
3062,C:\windows\SysWOW64\WorkFoldersRes.dll,I386,True,True,True,,,False
3104,C:\windows\SysWOW64\WsmRes.dll,I386,True,True,True,,,False
3143,C:\windows\SysWOW64\XtuApplication.dll,I386,True,True,True,True,,False
3144,C:\windows\SysWOW64\XtuApplicationInterfaces.dll,I386,True,True,True,True,,False
3145,C:\windows\SysWOW64\XtuCoreServer.dll,I386,True,True,True,True,,False
3146,C:\windows\SysWOW64\XtuInterface.dll,I386,True,True,True,True,,False
3147,C:\windows\SysWOW64\XtuService.exe,I386,True,True,True,True,,False
